"Authors","Author full names","Author(s) ID","Title","Year","Source title","Volume","Issue","Art. No.","Page start","Page end","Page count","Cited by","DOI","Link","EID"
"Shankar F.; Buchan S.; Rettura A.; Bouillot V.R.; Moreno J.; Licitra R.; Bernardi M.; Huertas-Company M.; Mei S.; Ascaso B.; Sheth R.; Delaye L.; Raichoor A.","Shankar, Francesco (55888485900); Buchan, Stewart (56443848300); Rettura, Alessandro (8974845600); Bouillot, Vincent R. (55696384200); Moreno, Jorge (55420477000); Licitra, Rossella (56018617000); Bernardi, Mariangela (7202274524); Huertas-Company, Marc (23050749700); Mei, Simona (7102846243); Ascaso, Begoña (16425494300); Sheth, Ravi (7006123018); Delaye, Lauriane (57205032967); Raichoor, Anand (37073369200)","55888485900; 56443848300; 8974845600; 55696384200; 55420477000; 56018617000; 7202274524; 23050749700; 7102846243; 16425494300; 7006123018; 57205032967; 37073369200","Avoiding progenitor bias: The structural and mass evolution of brightest group and cluster galaxies in hierarchical models since z ≲ 1","2015","Astrophysical Journal","802","2","73","","","","59","10.1088/0004-637X/802/2/73","https://www.scopus.com/inward/record.uri?eid=2-s2.0-84926613751&doi=10.1088%2f0004-637X%2f802%2f2%2f73&partnerID=40&md5=f485c9add4cc01e71efb30c86757facc","2-s2.0-84926613751"
"Salumbides E.J.; Bagdonaite J.; Abgrall H.; Roueff E.; Ubachs W.","Salumbides, E.J. (9640106900); Bagdonaite, J. (54895523700); Abgrall, H. (6602571948); Roueff, E. (7004034495); Ubachs, W. (7006105679)","9640106900; 54895523700; 6602571948; 7004034495; 7006105679","H2 Lyman and Werner band lines and their sensitivity for a variation of the proton-electron mass ratio in the gravitational potential of white dwarfs","2015","Monthly Notices of the Royal Astronomical Society","450","2","","1237","1245","8","9","10.1093/mnras/stv656","https://www.scopus.com/inward/record.uri?eid=2-s2.0-84938099096&doi=10.1093%2fmnras%2fstv656&partnerID=40&md5=7649679a4894aa36ec31d6468df889f4","2-s2.0-84938099096"
"Coppejans R.; Cseh D.; Williams W.L.; van Velzen S.; Falcke H.","Coppejans, Rocco (55496132600); Cseh, David (36628189900); Williams, Wendy L. (55532159100); van Velzen, Sjoert (37035459700); Falcke, Heino (7006807059)","55496132600; 36628189900; 55532159100; 37035459700; 7006807059","Megahertz peaked-spectrum sources in the Boötes field I - A route towards finding high-redshift AGN","2015","Monthly Notices of the Royal Astronomical Society","450","2","","1477","1485","8","38","10.1093/mnras/stv681","https://www.scopus.com/inward/record.uri?eid=2-s2.0-84938099094&doi=10.1093%2fmnras%2fstv681&partnerID=40&md5=7c2278e2beff6616373fdf2badb48cab","2-s2.0-84938099094"
"Singh S.; Mandelbaum R.; More S.","Singh, Sukhdeep (57218165729); Mandelbaum, Rachel (7004175711); More, Surhud (16234186800)","57218165729; 7004175711; 16234186800","Intrinsic alignments of SDSS-III BOSS LOWZ sample galaxies","2015","Monthly Notices of the Royal Astronomical Society","450","2","","2195","2216","21","132","10.1093/mnras/stv778","https://www.scopus.com/inward/record.uri?eid=2-s2.0-84938124813&doi=10.1093%2fmnras%2fstv778&partnerID=40&md5=1df9e7ebd69b2690ca596248b33844fe","2-s2.0-84938124813"
"Vincent A.C.; Martínez E.F.; Hernández P.; Mena O.; Lattanzi M.","Vincent, Aaron C. (24463837900); Martínez, Enrique Fernández (55601072500); Hernández, Pilar (7202206895); Mena, Olga (6602257282); Lattanzi, Massimiliano (27169527700)","24463837900; 55601072500; 7202206895; 6602257282; 27169527700","Revisiting cosmological bounds on sterile neutrinos","2015","Journal of Cosmology and Astroparticle Physics","2015","4","006","","","","49","10.1088/1475-7516/2015/04/006","https://www.scopus.com/inward/record.uri?eid=2-s2.0-84928009373&doi=10.1088%2f1475-7516%2f2015%2f04%2f006&partnerID=40&md5=3d176eaa112b56858e8b826a3f1bd288","2-s2.0-84928009373"
"Balcerzak A.; Dabrowski M.P.; Denkiewicz T.; Polarski D.; Puy D.","Balcerzak, Adam (13409731300); Dabrowski, Mariusz P. (7102470685); Denkiewicz, Tomasz (16743921300); Polarski, David (7003792459); Puy, Denis (6604058615)","13409731300; 7102470685; 16743921300; 7003792459; 6604058615","Critical assessment of some inhomogeneous pressure Stephani models","2015","Physical Review D - Particles, Fields, Gravitation and Cosmology","91","8","083506","","","","14","10.1103/PhysRevD.91.083506","https://www.scopus.com/inward/record.uri?eid=2-s2.0-84929192514&doi=10.1103%2fPhysRevD.91.083506&partnerID=40&md5=119e6f68e94e03f8c2a9ef8012e9e84a","2-s2.0-84929192514"
"Ade P.A.R.; Alves M.I.R.; Aniano G.; Armitage-Caplan C.; Arnaud M.; Atrio-Barandela F.; Aumont J.; Baccigalupi C.; Banday A.J.; Barreiro R.B.; Battaner E.; Benabed K.; Benoit-Lévy A.; Bernard J.-P.; Bersanelli M.; Bielewicz P.; Bock J.J.; Bond J.R.; Borrill J.; Bouchet F.R.; Boulanger F.; Burigana C.; Cardoso J.-F.; Catalano A.; Chamballu A.; Chiang H.C.; Colombo L.P.L.; Combet C.; Couchot F.; Coulais A.; Crill B.P.; Curto A.; Cuttaia F.; Danese L.; Davies R.D.; Davis R.J.; De Bernardis P.; De Zotti G.; Delabrouille J.; Désert F.-X.; Dickinson C.; Diego J.M.; Donzelli S.; Doré O.; Douspis M.; Dunkley J.; Dupac X.; Enßlin T.A.; Eriksen H.K.; Falgarone E.; Finelli F.; Forni O.; Frailis M.; Fraisse A.A.; Franceschi E.; Galeotta S.; Ganga K.; Ghosh T.; Giard M.; González-Nuevo J.; Górski K.M.; Gregorio A.; Gruppuso A.; Guillet V.; Hansen F.K.; Harrison D.L.; Helou G.; Hernández-Monteagudo C.; Hildebrandt S.R.; Hivon E.; Hobson M.; Holmes W.A.; Hornstrup A.; Jaffe A.H.; Jaffe T.R.; Jones W.C.; Keihänen E.; Keskitalo R.; Kisner T.S.; Kneissl R.; Knoche J.; Kunz M.; Kurki-Suonio H.; Lagache G.; Lamarre J.-M.; Lasenby A.; Lawrence C.R.; Leahy J.P.; Leonardi R.; Levrier F.; Liguori M.; Lilje P.B.; Linden-Vørnle M.; López-Caniego M.; Lubin P.M.; Macías-Pérez J.F.; Maffei B.; Magalhães A.M.; Maino D.; Mandolesi N.; Maris M.; Marshall D.J.; Martin P.G.; Martínez-González E.; Masi S.; Matarrese S.; Mazzotta P.; Melchiorri A.; Mendes L.; Mennella A.; Migliaccio M.; Miville-Deschênes M.-A.; Moneti A.; Montier L.; Morgante G.; Mortlock D.; Munshi D.; Murphy J.A.; Naselsky P.; Nati F.; Natoli P.; Netterfield C.B.; Noviello F.; Novikov D.; Novikov I.; Oppermann N.; Oxborrow C.A.; Pagano L.; Pajot F.; Paoletti D.; Pasian F.; Perdereau O.; Perotto L.; Perrotta F.; Piacentini F.; Pietrobon D.; Plaszczynski S.; Pointecouteau E.; Polenta G.; Popa L.; Pratt G.W.; Rachen J.P.; Reach W.T.; Reinecke M.; Remazeilles M.; Renault C.; Ricciardi S.; Riller T.; Ristorcelli I.; Rocha G.; Rosset C.; Roudier G.; Rubiño-Martín J.A.; Rusholme B.; Salerno E.; Sandri M.; Savini G.; Scott D.; Spencer L.D.; Stolyarov V.; Stompor R.; Sudiwala R.; Sutton D.; Suur-Uski A.-S.; Sygnet J.-F.; Tauber J.A.; Terenzi L.; Toffolatti L.; Tomasi M.; Tristram M.; Tucci M.; Valenziano L.; Valiviita J.; Van Tent B.; Vielva P.; Villa F.; Wandelt B.D.; Zacchei A.; Zonca A.","Ade, P.A.R. (7006368713); Alves, M.I.R. (57213857548); Aniano, G. (35184785200); Armitage-Caplan, C. (34167564500); Arnaud, M. (7101923199); Atrio-Barandela, F. (6701547091); Aumont, J. (57195496279); Baccigalupi, C. (57220414927); Banday, A.J. (7003524751); Barreiro, R.B. (7004240529); Battaner, E. (7003875704); Benabed, K. (35241723200); Benoit-Lévy, A. (36348152500); Bernard, J.-P. (35405956200); Bersanelli, M. (7004386449); Bielewicz, P. (6506576285); Bock, J.J. (57206301128); Bond, J.R. (55662855000); Borrill, J. (35748580800); Bouchet, F.R. (7007123513); Boulanger, F. (7006890666); Burigana, C. (6603819488); Cardoso, J.-F. (55587898400); Catalano, A. (26645983900); Chamballu, A. (36522448100); Chiang, H.C. (14832390700); Colombo, L.P.L. (7102464648); Combet, C. (55891579000); Couchot, F. (35352821900); Coulais, A. (6603218201); Crill, B.P. (35748506700); Curto, A. (57190702506); Cuttaia, F. (14630063300); Danese, L. (55152697700); Davies, R.D. (8542178200); Davis, R.J. (16452015600); De Bernardis, P. (7006520442); De Zotti, G. (55181000700); Delabrouille, J. (6603577641); Désert, F.-X. (6701766902); Dickinson, C. (7102025967); Diego, J.M. (7006314412); Donzelli, S. (14630380000); Doré, O. (6603614459); Douspis, M. (6701702242); Dunkley, J. (11140147500); Dupac, X. (6601991850); Enßlin, T.A. (7004428302); Eriksen, H.K. (7102697511); Falgarone, E. (7003349192); Finelli, F. (56239931500); Forni, O. (6603126232); Frailis, M. (6506341877); Fraisse, A.A. (16068355800); Franceschi, E. (56592156500); Galeotta, S. (14630273900); Ganga, K. (7004144883); Ghosh, T. (35268342900); Giard, M. (7005975383); González-Nuevo, J. (55885240100); Górski, K.M. (7006440372); Gregorio, A. (14630220200); Gruppuso, A. (14619247700); Guillet, V. (56328188900); Hansen, F.K. (7103011946); Harrison, D.L. (34969378600); Helou, G. (7006333437); Hernández-Monteagudo, C. (6603265387); Hildebrandt, S.R. (7005662100); Hivon, E. (6603829666); Hobson, M. (7005651121); Holmes, W.A. (7202555066); Hornstrup, A. (6603380199); Jaffe, A.H. (35415116200); Jaffe, T.R. (9532899000); Jones, W.C. (35310368800); Keihänen, E. (55885669700); Keskitalo, R. (22979949700); Kisner, T.S. (6506052811); Kneissl, R. (6603072047); Knoche, J. (35322408800); Kunz, M. (7102120605); Kurki-Suonio, H. (6603602446); Lagache, G. (7102326162); Lamarre, J.-M. (57202572509); Lasenby, A. (7005763897); Lawrence, C.R. (7402265625); Leahy, J.P. (57213898398); Leonardi, R. (11838935200); Levrier, F. (56087837500); Liguori, M. (8679650300); Lilje, P.B. (6603770482); Linden-Vørnle, M. (57202568003); López-Caniego, M. (8559894400); Lubin, P.M. (7004243122); Macías-Pérez, J.F. (6508080858); Maffei, B. (57203030736); Magalhães, A.M. (35502079700); Maino, D. (14058603600); Mandolesi, N. (8627117200); Maris, M. (14008873300); Marshall, D.J. (56878233900); Martin, P.G. (26326972300); Martínez-González, E. (7004636767); Masi, S. (7005287842); Matarrese, S. (57200572851); Mazzotta, P. (7003676590); Melchiorri, A. (56253777700); Mendes, L. (35422800600); Mennella, A. (6603802603); Migliaccio, M. (35092838400); Miville-Deschênes, M.-A. (6603678039); Moneti, A. (36523417000); Montier, L. (55975147200); Morgante, G. (35422761600); Mortlock, D. (7004828613); Munshi, D. (35318355900); Murphy, J.A. (55587645400); Naselsky, P. (57220376307); Nati, F. (9939586500); Natoli, P. (9272122900); Netterfield, C.B. (6603689596); Noviello, F. (26631986800); Novikov, D. (35303167200); Novikov, I. (55587410900); Oppermann, N. (37662106900); Oxborrow, C.A. (6507023970); Pagano, L. (57199651650); Pajot, F. (7004747421); Paoletti, D. (26642108200); Pasian, F. (55913343900); Perdereau, O. (6701856772); Perotto, L. (36523711700); Perrotta, F. (56206912900); Piacentini, F. (56265310700); Pietrobon, D. (23135933100); Plaszczynski, S. (8791932400); Pointecouteau, E. (6603425237); Polenta, G. (6602930238); Popa, L. (7006538931); Pratt, G.W. (7102505441); Rachen, J.P. (6603018265); Reach, W.T. (7006392485); Reinecke, M. (36523570600); Remazeilles, M. (26326551300); Renault, C. (7003744325); Ricciardi, S. (55871122518); Riller, T. (36523848000); Ristorcelli, I. (6701750764); Rocha, G. (36523904700); Rosset, C. (6603484205); Roudier, G. (54790196200); Rubiño-Martín, J.A. (6701722727); Rusholme, B. (6603044987); Salerno, E. (7004820060); Sandri, M. (35410388500); Savini, G. (15844178300); Scott, D. (7404952697); Spencer, L.D. (57220518170); Stolyarov, V. (7005641598); Stompor, R. (7004294216); Sudiwala, R. (35414646000); Sutton, D. (56442086800); Suur-Uski, A.-S. (54790207500); Sygnet, J.-F. (36192213900); Tauber, J.A. (7006585484); Terenzi, L. (6506672124); Toffolatti, L. (6701833324); Tomasi, M. (35410597600); Tristram, M. (7801560160); Tucci, M. (58483607200); Valenziano, L. (6602565951); Valiviita, J. (6506892358); Van Tent, B. (10639444300); Vielva, P. (6603658512); Villa, F. (55398967000); Wandelt, B.D. (7004256499); Zacchei, A. (56273947300); Zonca, A. (16302735200)","7006368713; 57213857548; 35184785200; 34167564500; 7101923199; 6701547091; 57195496279; 57220414927; 7003524751; 7004240529; 7003875704; 35241723200; 36348152500; 35405956200; 7004386449; 6506576285; 57206301128; 55662855000; 35748580800; 7007123513; 7006890666; 6603819488; 55587898400; 26645983900; 36522448100; 14832390700; 7102464648; 55891579000; 35352821900; 6603218201; 35748506700; 57190702506; 14630063300; 55152697700; 8542178200; 16452015600; 7006520442; 55181000700; 6603577641; 6701766902; 7102025967; 7006314412; 14630380000; 6603614459; 6701702242; 11140147500; 6601991850; 7004428302; 7102697511; 7003349192; 56239931500; 6603126232; 6506341877; 16068355800; 56592156500; 14630273900; 7004144883; 35268342900; 7005975383; 55885240100; 7006440372; 14630220200; 14619247700; 56328188900; 7103011946; 34969378600; 7006333437; 6603265387; 7005662100; 6603829666; 7005651121; 7202555066; 6603380199; 35415116200; 9532899000; 35310368800; 55885669700; 22979949700; 6506052811; 6603072047; 35322408800; 7102120605; 6603602446; 7102326162; 57202572509; 7005763897; 7402265625; 57213898398; 11838935200; 56087837500; 8679650300; 6603770482; 57202568003; 8559894400; 7004243122; 6508080858; 57203030736; 35502079700; 14058603600; 8627117200; 14008873300; 56878233900; 26326972300; 7004636767; 7005287842; 57200572851; 7003676590; 56253777700; 35422800600; 6603802603; 35092838400; 6603678039; 36523417000; 55975147200; 35422761600; 7004828613; 35318355900; 55587645400; 57220376307; 9939586500; 9272122900; 6603689596; 26631986800; 35303167200; 55587410900; 37662106900; 6507023970; 57199651650; 7004747421; 26642108200; 55913343900; 6701856772; 36523711700; 56206912900; 56265310700; 23135933100; 8791932400; 6603425237; 6602930238; 7006538931; 7102505441; 6603018265; 7006392485; 36523570600; 26326551300; 7003744325; 55871122518; 36523848000; 6701750764; 36523904700; 6603484205; 54790196200; 6701722727; 6603044987; 7004820060; 35410388500; 15844178300; 7404952697; 57220518170; 7005641598; 7004294216; 35414646000; 56442086800; 54790207500; 36192213900; 7006585484; 6506672124; 6701833324; 35410597600; 7801560160; 58483607200; 6602565951; 6506892358; 10639444300; 6603658512; 55398967000; 7004256499; 56273947300; 16302735200","Planck intermediate results. XXII. Frequency dependence of thermal emission fromGalactic dust in intensity and polarization","2015","Astronomy and Astrophysics","576","","A107","","","","56","10.1051/0004-6361/201424088","https://www.scopus.com/inward/record.uri?eid=2-s2.0-84927737321&doi=10.1051%2f0004-6361%2f201424088&partnerID=40&md5=ad7f603796364e4f1c39201fafb9a234","2-s2.0-84927737321"
"Crain R.A.; Schaye J.; Bower R.G.; Furlong M.; Schaller M.; Theuns T.; Vecchia C.D.; Frenk C.S.; McCarthy I.G.; Helly J.C.; Jenkins A.; Rosas-Guevara Y.M.; White S.D.M.; Trayford J.W.","Crain, Robert A. (16300736600); Schaye, Joop (6701410946); Bower, Richard G. (7102858285); Furlong, Michelle (56544168700); Schaller, Matthieu (56285525900); Theuns, Tom (7004618443); Vecchia, Claudio Dalla (35742248600); Frenk, Carlos S. (57203255083); McCarthy, Ian G. (7004965560); Helly, John C. (6602150273); Jenkins, Adrian (7202458246); Rosas-Guevara, Yetli M. (21739853200); White, Simon D.M. (16199171600); Trayford, James W. (56544562100)","16300736600; 6701410946; 7102858285; 56544168700; 56285525900; 7004618443; 35742248600; 57203255083; 7004965560; 6602150273; 7202458246; 21739853200; 16199171600; 56544562100","The EAGLE simulations of galaxy formation: Calibration of subgrid physics and model variations","2015","Monthly Notices of the Royal Astronomical Society","450","2","","1937","1961","24","953","10.1093/mnras/stv725","https://www.scopus.com/inward/record.uri?eid=2-s2.0-84930964373&doi=10.1093%2fmnras%2fstv725&partnerID=40&md5=66ee748a9e51722f27edc4eda2f4d1fc","2-s2.0-84930964373"
"Correa C.A.; Wyithe J.S.B.; Schaye J.; Duffy A.R.","Correa, Camila A. (56740285100); Wyithe, J. Stuart B. (7004511239); Schaye, Joop (6701410946); Duffy, Alan R. (23093585900)","56740285100; 7004511239; 6701410946; 23093585900","The accretion history of dark matter haloes - II. The connections with the mass power spectrum and the density profile","2015","Monthly Notices of the Royal Astronomical Society","450","2","","1521","1537","16","85","10.1093/mnras/stv697","https://www.scopus.com/inward/record.uri?eid=2-s2.0-84938149117&doi=10.1093%2fmnras%2fstv697&partnerID=40&md5=8ab36522c18ab8f75e43b49f0924d3c6","2-s2.0-84938149117"
"Hong S.; Dey A.","Hong, Sungryong (55912439700); Dey, Arjun (7101701707)","55912439700; 7101701707","Network analysis of cosmic structures: Network centrality and topological environment","2015","Monthly Notices of the Royal Astronomical Society","450","2","","1999","2015","16","11","10.1093/mnras/stv722","https://www.scopus.com/inward/record.uri?eid=2-s2.0-84938149111&doi=10.1093%2fmnras%2fstv722&partnerID=40&md5=734046d1dc7b28d2ac8c97021bfc7d64","2-s2.0-84938149111"
"Dartois E.; Augé B.; Boduch P.; Brunetto R.; Chabot M.; Domaracka A.; Ding J.J.; Kamalou O.; Lv X.Y.; Rothard H.; Da Silveira E.F.; Thomas J.C.","Dartois, E. (7003292887); Augé, B. (56604821100); Boduch, P. (6603558548); Brunetto, R. (56051966300); Chabot, M. (7006989349); Domaracka, A. (8066514700); Ding, J.J. (55463454200); Kamalou, O. (8703366400); Lv, X.Y. (55320679600); Rothard, H. (7003540542); Da Silveira, E.F. (7004104635); Thomas, J.C. (7406567380)","7003292887; 56604821100; 6603558548; 56051966300; 7006989349; 8066514700; 55463454200; 8703366400; 55320679600; 7003540542; 7004104635; 7406567380","Heavy ion irradiation of crystalline water ice: Cosmic ray amorphisation cross-section and sputtering yield","2015","Astronomy and Astrophysics","576","","A125","","","","66","10.1051/0004-6361/201425415","https://www.scopus.com/inward/record.uri?eid=2-s2.0-84928403700&doi=10.1051%2f0004-6361%2f201425415&partnerID=40&md5=338c69fecc986ea967095099d736b2b9","2-s2.0-84928403700"
"Leclercq F.; Jasche J.; Wandelt B.","Leclercq, F. (54964711600); Jasche, J. (20734587500); Wandelt, B. (7004256499)","54964711600; 20734587500; 7004256499","Cosmic web-type classification using decision theory","2015","Astronomy and Astrophysics","576","","L17","","","","16","10.1051/0004-6361/201526006","https://www.scopus.com/inward/record.uri?eid=2-s2.0-84928390003&doi=10.1051%2f0004-6361%2f201526006&partnerID=40&md5=726fbcaae4ce2a38524f2e679b24b96e","2-s2.0-84928390003"
"Scherer K.; Van Der Schyff A.; Bomans D.J.; Ferreira S.E.S.; Fichtner H.; Kleimann J.; Strauss R.D.; Weis K.; Wiengarten T.; Wodzinski T.","Scherer, K. (56236453600); Van Der Schyff, A. (56598103400); Bomans, D.J. (7003799837); Ferreira, S.E.S. (7202480306); Fichtner, H. (7005663552); Kleimann, J. (6603211561); Strauss, R.D. (35775781400); Weis, K. (56249602600); Wiengarten, T. (36572681000); Wodzinski, T. (58426754200)","56236453600; 56598103400; 7003799837; 7202480306; 7005663552; 6603211561; 35775781400; 56249602600; 36572681000; 58426754200","Cosmic rays in astrospheres","2015","Astronomy and Astrophysics","576","","A97","","","","17","10.1051/0004-6361/201425091","https://www.scopus.com/inward/record.uri?eid=2-s2.0-84928045797&doi=10.1051%2f0004-6361%2f201425091&partnerID=40&md5=b5000e6a013dfa45070333d0265e7096","2-s2.0-84928045797"
"Bull P.; Ferreira P.G.; Patel P.; Santos M.G.","Bull, Philip (54962165700); Ferreira, Pedro G. (57189231035); Patel, Prina (55415610300); Santos, Mário G. (7402562372)","54962165700; 57189231035; 55415610300; 7402562372","Late-time cosmology with 21 cm intensity mapping experiments","2015","Astrophysical Journal","803","1","21","1","33","32","144","10.1088/0004-637X/803/1/21","https://www.scopus.com/inward/record.uri?eid=2-s2.0-84927624429&doi=10.1088%2f0004-637X%2f803%2f1%2f21&partnerID=40&md5=fecd4e61a015a9865d755331691f886a","2-s2.0-84927624429"
"Stark D.P.; Richard J.; Charlot S.; Clément B.; Ellis R.; Siana B.; Robertson B.; Schenker M.; Gutkin J.; Wofford A.","Stark, Daniel P. (12242554300); Richard, Johan (14627922300); Charlot, Stéphane (23994997700); Clément, Benjamin (55731742600); Ellis, Richard (7401985303); Siana, Brian (35227996700); Robertson, Brant (9437218600); Schenker, Matthew (36483517800); Gutkin, Julia (55947750400); Wofford, Aida (26530507100)","12242554300; 14627922300; 23994997700; 55731742600; 7401985303; 35227996700; 9437218600; 36483517800; 55947750400; 26530507100","Spectroscopic detections of C III] λ1909 Å at z ≃ 6-7: A new probe of early star-forming galaxies and cosmic reionization","2015","Monthly Notices of the Royal Astronomical Society","450","2","","1846","1855","9","159","10.1093/mnras/stv688","https://www.scopus.com/inward/record.uri?eid=2-s2.0-84929638221&doi=10.1093%2fmnras%2fstv688&partnerID=40&md5=a1d2f2e8030b4d19d83dffd19ff44160","2-s2.0-84929638221"
"Ahn K.; Iliev I.T.; Shapiro P.R.; Srisawat C.","Ahn, Kyungjin (8236359100); Iliev, Ilian T. (7005749078); Shapiro, Paul R. (7102826983); Srisawat, Chaichalit (55916145700)","8236359100; 7005749078; 7102826983; 55916145700","Non-linear bias of cosmological halo formation in the early universe","2015","Monthly Notices of the Royal Astronomical Society","450","2","","1486","1502","16","34","10.1093/mnras/stv704","https://www.scopus.com/inward/record.uri?eid=2-s2.0-84938099116&doi=10.1093%2fmnras%2fstv704&partnerID=40&md5=33c5f7eb29d52acb2ef74be63dc62a8a","2-s2.0-84938099116"
"Yu Y.; Zhang P.; Lin W.; Cui W.","Yu, Yu (55731499600); Zhang, Pengjie (7404159854); Lin, Weipeng (7406519400); Cui, Weiguang (25640526000)","55731499600; 7404159854; 7406519400; 25640526000","The source-lens clustering effect in the context of lensing tomography and its self-calibration","2015","Astrophysical Journal","803","1","46","","","","4","10.1088/0004-637X/803/1/46","https://www.scopus.com/inward/record.uri?eid=2-s2.0-84927630668&doi=10.1088%2f0004-637X%2f803%2f1%2f46&partnerID=40&md5=20919e386fca44fe142189b40531fc17","2-s2.0-84927630668"
"Kantowski R.; Chen B.; Dai X.","Kantowski, R. (8415055600); Chen, B. (57201373246); Dai, X. (8566143400)","8415055600; 57201373246; 8566143400","Integrated Sachs-Wolfe effect versus redshift test for the cosmological parameters","2015","Physical Review D - Particles, Fields, Gravitation and Cosmology","91","8","083004","","","","2","10.1103/PhysRevD.91.083004","https://www.scopus.com/inward/record.uri?eid=2-s2.0-84929192465&doi=10.1103%2fPhysRevD.91.083004&partnerID=40&md5=6f60499efc9cb618569dbeeca66e6be9","2-s2.0-84929192465"
"De Propris R.; Bremer M.N.; Phillipps S.","De Propris, Roberto (57206350564); Bremer, Malcolm N. (7005183546); Phillipps, Steven (6701326337)","57206350564; 7005183546; 6701326337","Morphological evolution in situ: Disc-dominated cluster red sequences at z ~ 1.25","2015","Monthly Notices of the Royal Astronomical Society","450","2","","1268","1278","10","19","10.1093/mnras/stv649","https://www.scopus.com/inward/record.uri?eid=2-s2.0-84938099098&doi=10.1093%2fmnras%2fstv649&partnerID=40&md5=eb52f9124a9fc9fd2f2cf42d8601ba49","2-s2.0-84938099098"
"Smolčić V.; Karim A.; Miettinen O.; Novak M.; Magnelli B.; Riechers D.A.; Schinnerer E.; Capak P.; Bondi M.; Ciliegi P.; Aravena M.; Bertoldi F.; Bourke S.; Banfield J.; Carilli C.L.; Civano F.; Ilbert O.; Intema H.T.; Le Fèvre O.; Finoguenov A.; Hallinan G.; Klöckner H.-R.; Koekemoer A.; Laigle C.; Masters D.; McCracken H.J.; Mooley K.; Murphy E.; Navarette F.; Salvato M.; Sargent M.; Sheth K.; Toft S.; Zamorani G.","Smolčić, V. (22836751000); Karim, A. (35185235100); Miettinen, O. (57191172625); Novak, M. (56511073600); Magnelli, B. (24481806300); Riechers, D.A. (57203072104); Schinnerer, E. (57203229435); Capak, P. (14919181700); Bondi, M. (7007179735); Ciliegi, P. (8842215300); Aravena, M. (23468406500); Bertoldi, F. (7003410839); Bourke, S. (8865129500); Banfield, J. (44561024000); Carilli, C.L. (7005531977); Civano, F. (22833259300); Ilbert, O. (35239938700); Intema, H.T. (8549469700); Le Fèvre, O. (57205847331); Finoguenov, A. (7003900144); Hallinan, G. (15757530600); Klöckner, H.-R. (55976967500); Koekemoer, A. (7004490233); Laigle, C. (56088305000); Masters, D. (37115881200); McCracken, H.J. (8058520300); Mooley, K. (50661591600); Murphy, E. (55708167000); Navarette, F. (56605123400); Salvato, M. (22836019000); Sargent, M. (22836155200); Sheth, K. (35228008300); Toft, S. (7004109829); Zamorani, G. (8042894900)","22836751000; 35185235100; 57191172625; 56511073600; 24481806300; 57203072104; 57203229435; 14919181700; 7007179735; 8842215300; 23468406500; 7003410839; 8865129500; 44561024000; 7005531977; 22833259300; 35239938700; 8549469700; 57205847331; 7003900144; 15757530600; 55976967500; 7004490233; 56088305000; 37115881200; 8058520300; 50661591600; 55708167000; 56605123400; 22836019000; 22836155200; 35228008300; 7004109829; 8042894900","Physical properties of z > 4 submillimeter galaxies in the COSMOS field","2015","Astronomy and Astrophysics","576","","A127","","","","44","10.1051/0004-6361/201424996","https://www.scopus.com/inward/record.uri?eid=2-s2.0-84928399895&doi=10.1051%2f0004-6361%2f201424996&partnerID=40&md5=1bc3be9991f6424568537cd13f2c6fd2","2-s2.0-84928399895"
"Teerikorpi P.","Teerikorpi, P. (8846386900)","8846386900","Eddington-Malmquist bias in a cosmological context","2015","Astronomy and Astrophysics","576","","A75","","","","2","10.1051/0004-6361/201425489","https://www.scopus.com/inward/record.uri?eid=2-s2.0-84926512804&doi=10.1051%2f0004-6361%2f201425489&partnerID=40&md5=e6bc344b53aa38986973d32c4f711c64","2-s2.0-84926512804"
"Bik A.; Östlin G.; Hayes M.; Adamo A.; Melinder J.; Amram P.","Bik, A. (7004258902); Östlin, G. (6701814160); Hayes, M. (57220969689); Adamo, A. (23089892300); Melinder, J. (8951702000); Amram, P. (7004862197)","7004258902; 6701814160; 57220969689; 23089892300; 8951702000; 7004862197","VLT/MUSE view of the highly ionized outflow cones in the nearby starburst ESO338-IG04","2015","Astronomy and Astrophysics","576","","L13","","","","27","10.1051/0004-6361/201525850","https://www.scopus.com/inward/record.uri?eid=2-s2.0-84928349261&doi=10.1051%2f0004-6361%2f201525850&partnerID=40&md5=33fe83dcb7fc1888f6d03e884dc803f5","2-s2.0-84928349261"
"Shaw J.R.; Sigurdson K.; Sitwell M.; Stebbins A.; Pen U.-L.","Shaw, J. Richard (55460637200); Sigurdson, Kris (6602227365); Sitwell, Michael (56011371000); Stebbins, Albert (57206031384); Pen, Ue-Li (7005890052)","55460637200; 6602227365; 56011371000; 57206031384; 7005890052","Coaxing cosmic 21 cm fluctuations from the polarized sky using m -mode analysis","2015","Physical Review D - Particles, Fields, Gravitation and Cosmology","91","8","083514","","","","117","10.1103/PhysRevD.91.083514","https://www.scopus.com/inward/record.uri?eid=2-s2.0-84929192504&doi=10.1103%2fPhysRevD.91.083514&partnerID=40&md5=0673054b9d7c77eaca7736825a798eb3","2-s2.0-84929192504"
"Gümrükçüoʇlu A.E.; Heisenberg L.; Mukohyama S.; Tanahashi N.","Gümrükçüoʇlu, A. Emir (24824714000); Heisenberg, Lavinia (39061625900); Mukohyama, Shinji (7003789812); Tanahashi, Norihiro (24172147300)","24824714000; 39061625900; 7003789812; 24172147300","Cosmology in bimetric theory with an effective composite coupling to matter","2015","Journal of Cosmology and Astroparticle Physics","2015","4","008","","","","42","10.1088/1475-7516/2015/04/008","https://www.scopus.com/inward/record.uri?eid=2-s2.0-84927512039&doi=10.1088%2f1475-7516%2f2015%2f04%2f008&partnerID=40&md5=10965418bb7c7325ce3533802c463bb5","2-s2.0-84927512039"
"Vanzella E.; De Barros S.; Castellano M.; Grazian A.; Inoue A.K.; Schaerer D.; Guaita L.; Zamorani G.; Giavalisco M.; Siana B.; Pentericci L.; Giallongo E.; Fontana A.; Vignali C.","Vanzella, E. (55948046500); De Barros, S. (34768228500); Castellano, M. (24439181000); Grazian, A. (9270789600); Inoue, A.K. (7402897995); Schaerer, D. (7004544211); Guaita, L. (35810327400); Zamorani, G. (8042894900); Giavalisco, M. (7004415859); Siana, B. (35227996700); Pentericci, L. (6604043482); Giallongo, E. (56267976900); Fontana, A. (57020852900); Vignali, C. (7006844392)","55948046500; 34768228500; 24439181000; 9270789600; 7402897995; 7004544211; 35810327400; 8042894900; 7004415859; 35227996700; 6604043482; 56267976900; 57020852900; 7006844392","Peering through the holes: The far-UV color of star-forming galaxies at z ∼ 3 - 4 and the escaping fraction of ionizing radiation","2015","Astronomy and Astrophysics","576","","A116","","","","70","10.1051/0004-6361/201525651","https://www.scopus.com/inward/record.uri?eid=2-s2.0-84928104144&doi=10.1051%2f0004-6361%2f201525651&partnerID=40&md5=b9799d754b09207e6578b6f47005f1f2","2-s2.0-84928104144"
"Bodendorfer N.","Bodendorfer, N. (55175547700)","55175547700","Quantum reduction to Bianchi i models in loop quantum gravity","2015","Physical Review D - Particles, Fields, Gravitation and Cosmology","91","8","081502","","","","28","10.1103/PhysRevD.91.081502","https://www.scopus.com/inward/record.uri?eid=2-s2.0-84929144971&doi=10.1103%2fPhysRevD.91.081502&partnerID=40&md5=d404dc49fb733fd095db233d99b4c36b","2-s2.0-84929144971"
"Khandai N.; Di Matteo T.; Croft R.; Wilkins S.; Feng Y.; Tucker E.; DeGraf C.; Liu M.-S.","Khandai, Nishikanta (26532788400); Di Matteo, Tiziana (57190392609); Croft, Rupert (35299209400); Wilkins, Stephen (23973913700); Feng, Yu (54580801600); Tucker, Evan (55561996900); DeGraf, Colin (35740288000); Liu, Mao-Sheng (56739521000)","26532788400; 57190392609; 35299209400; 23973913700; 54580801600; 55561996900; 35740288000; 56739521000","The MassiveBlack-II simulation: The evolution of haloes and galaxies to z ~ 0","2015","Monthly Notices of the Royal Astronomical Society","450","2","","1349","1374","25","243","10.1093/mnras/stv627","https://www.scopus.com/inward/record.uri?eid=2-s2.0-84930622363&doi=10.1093%2fmnras%2fstv627&partnerID=40&md5=ec33ec7d393a0459484c1147801089ce","2-s2.0-84930622363"
"Barone-Nugent R.L.; Wyithe J.S.B.; Trenti M.; Treu T.; Oesch P.; Bouwens R.; Illingworth G.D.; Schmidt K.B.","Barone-Nugent, R.L. (55330157400); Wyithe, J.S.B. (7004511239); Trenti, M. (15729758700); Treu, T. (7003853565); Oesch, P. (23968339900); Bouwens, R. (6701327987); Illingworth, G.D. (35330006400); Schmidt, K.B. (26666403800)","55330157400; 7004511239; 15729758700; 7003853565; 23968339900; 6701327987; 35330006400; 26666403800","The impact of strong gravitational lensing on observed Lyman-break galaxy numbers at 4 ≤ z ≤ 8 in the GOODS and the XDF blank fields","2015","Monthly Notices of the Royal Astronomical Society","450","2","","1224","1236","12","26","10.1093/mnras/stv633","https://www.scopus.com/inward/record.uri?eid=2-s2.0-84938117693&doi=10.1093%2fmnras%2fstv633&partnerID=40&md5=dc63c4d91ce91ea7ede8d75794348ee1","2-s2.0-84938117693"
"Bernal N.; Garcia-Cely C.; Rosenfeld R.","Bernal, Nicolás (55400762600); Garcia-Cely, Camilo (54379993700); Rosenfeld, Rogério (7201664611)","55400762600; 54379993700; 7201664611","WIMP and SIMP dark matter from the spontaneous breaking of a global group","2015","Journal of Cosmology and Astroparticle Physics","2015","4","012","","","","63","10.1088/1475-7516/2015/04/012","https://www.scopus.com/inward/record.uri?eid=2-s2.0-84927516054&doi=10.1088%2f1475-7516%2f2015%2f04%2f012&partnerID=40&md5=03fe5104d7d89859e2925ec68d880b38","2-s2.0-84927516054"
"Hurier G.; Douspis M.; Aghanim N.; Pointecouteau E.; Diego J.M.; Macias-Perez J.F.","Hurier, G. (54789673200); Douspis, M. (6701702242); Aghanim, N. (6701390827); Pointecouteau, E. (6603425237); Diego, J.M. (7006314412); Macias-Perez, J.F. (6508080858)","54789673200; 6701702242; 6701390827; 6603425237; 7006314412; 6508080858","Cosmological constraints from the observed angular cross-power spectrum between Sunyaev-Zel'dovich and X-ray surveys","2015","Astronomy and Astrophysics","576","","A90","","","","14","10.1051/0004-6361/201425555","https://www.scopus.com/inward/record.uri?eid=2-s2.0-84926669545&doi=10.1051%2f0004-6361%2f201425555&partnerID=40&md5=ed5e221c3665aef9e004467157377e80","2-s2.0-84926669545"
"De Bruijne J.H.J.; Allen M.; Azaz S.; Krone-Martins A.; Prod'Homme T.; Hestroffer D.","De Bruijne, J.H.J. (7006804027); Allen, M. (56801262300); Azaz, S. (57031816500); Krone-Martins, A. (15842195200); Prod'Homme, T. (36454784700); Hestroffer, D. (6604060408)","7006804027; 56801262300; 57031816500; 15842195200; 36454784700; 6604060408","Detecting stars, galaxies, and asteroids with Gaia","2015","Astronomy and Astrophysics","576","","A74","","","","49","10.1051/0004-6361/201424018","https://www.scopus.com/inward/record.uri?eid=2-s2.0-84926482975&doi=10.1051%2f0004-6361%2f201424018&partnerID=40&md5=a67055e9ecf6ec0d0e8416db8df21bb5","2-s2.0-84926482975"
